{
  "convnext_tiny": {
    "model_name": "convnext_tiny",
    "stage1_history": {
      "train_loss": [
        4.677633269175426,
        3.7249059381198912,
        2.7301985047664123,
        2.322334273641614,
        2.23022896097018
      ],
      "train_top1": [
        0.009641873278236915,
        0.2910927456382002,
        0.6092745638200183,
        0.7145699418426691,
        0.7411998775635139
      ],
      "valid_loss": [
        4.646526094170829,
        2.255596388231571,
        1.553312468936799,
        1.3795449348999993,
        1.3388772139047935
      ],
      "valid_top1": [
        0.004889975550122249,
        0.7078239608801956,
        0.8801955991677375,
        0.9156479219061239,
        0.9254278730063683
      ],
      "valid_top5": [
        0.057457212750369586,
        0.921760391198044,
        0.9755501222493888,
        0.9841075794621027,
        0.9853300733496333
      ]
    },
    "stage2_history": {
      "train_loss": [
        2.168697335138429,
        1.9949171810220205,
        1.8770417779237079,
        1.806184382769979,
        1.697859978252571,
        1.6371200125188976,
        1.6616917148364732,
        1.6057692373568835,
        1.5278340824379408,
        1.5469008768447723,
        1.4710072831783523,
        1.5523572173876101,
        1.4422905288196537,
        1.4869511107038131,
        1.4143129740062022,
        1.46492179490245
      ],
      "train_top1": [
        0.7583409856137129,
        0.8013468013468014,
        0.8157330884603612,
        0.82277318640955,
        0.8478726660544842,
        0.8636363636363636,
        0.8452708907254362,
        0.859504132231405,
        0.867003367003367,
        0.862105907560453,
        0.8781756963575146,
        0.8529231711049893,
        0.8855218855218855,
        0.8722069176614631,
        0.8833792470156107,
        0.8820018365472911
      ],
      "valid_loss": [
        1.2612148899320867,
        1.067262925845195,
        1.001839159170398,
        0.9545532941526772,
        0.9237595092696491,
        0.915374587100992,
        0.9042588000192618,
        0.8758535660566502,
        0.8629644749217045,
        0.8662023066308504,
        0.8591755369181738,
        0.8488769280589881,
        0.8513380990051699,
        0.8457581995460398,
        0.8413823273187745,
        0.8416300659366225
      ],
      "valid_top1": [
        0.9290953552518906,
        0.9669926657653379,
        0.980440097799511,
        0.9853300733496333,
        0.9902200488997555,
        0.991442542787286,
        0.9877750611246944,
        0.9938875305623472,
        0.9951100244498777,
        0.9926650366748166,
        0.991442542787286,
        0.9951100244498777,
        0.9951100244498777,
        0.9951100244498777,
        0.9951100244498777,
        0.9951100244498777
      ],
      "valid_top5": [
        0.9877750611246944,
        0.9987775061124694,
        0.9975550122249389,
        0.9987775061124694,
        0.9987775061124694,
        0.9987775061124694,
        0.9975550122249389,
        0.9987775061124694,
        0.9987775061124694,
        0.9987775061124694,
        0.9987775061124694,
        0.9987775061124694,
        0.9987775061124694,
        0.9987775061124694,
        0.9987775061124694,
        0.9987775061124694
      ]
    },
    "test_top1": 0.9951159947521084,
    "test_top5": 1.0,
    "test_loss": 0.8704672043140118
  },
  "efficientnet_b3": {
    "model_name": "efficientnet_b3",
    "stage1_history": {
      "train_loss": [
        4.634083089749675,
        4.096058703505157,
        3.489033319550915,
        3.1494387944685345,
        3.0334597403097487
      ],
      "train_top1": [
        0.010713192531374349,
        0.18656259565350475,
        0.39057239057239057,
        0.48148148148148145,
        0.5228037955310683
      ],
      "valid_loss": [
        4.8828897907564865,
        5.76273267776284,
        5.546750055257149,
        2.484729984861714,
        3.551887612471079
      ],
      "valid_top1": [
        0.0158924205470056,
        0.5427872863550349,
        0.6356968218073576,
        0.699266503521749,
        0.7017114912968102
      ],
      "valid_top5": [
        0.0672371639234804,
        0.8276283615667255,
        0.9009779958386875,
        0.9303178491394211,
        0.9364303185770739
      ]
    },
    "stage2_history": {
      "train_loss": [
        3.0588044119713174,
        2.7343001561242213,
        2.445680498018665,
        2.266007014433105,
        2.096091634168295,
        1.9448035523765197,
        1.973988179661354,
        1.9669095809429766,
        1.9355922585275147,
        1.805350555350447,
        1.8278264577577776,
        1.8258666110615283,
        1.7686521579338426,
        1.8394146857000397,
        1.8533105724697854,
        1.77008873120265,
        1.8039276419628787,
        1.7763408603820008,
        1.7582806401709588,
        1.7530298271710478
      ],
      "train_top1": [
        0.5104071013161923,
        0.5779002142638506,
        0.6735537190082644,
        0.7421181512090603,
        0.7854300581573309,
        0.8292011019283747,
        0.8135904499540864,
        0.820171411080502,
        0.8215488215488216,
        0.852004897459443,
        0.8486378940924395,
        0.8394551576369759,
        0.8601163146617692,
        0.8330272421181512,
        0.8293541475359657,
        0.8432812978267523,
        0.8420569329660239,
        0.8483318028772574,
        0.8605754514845424,
        0.8565962656871747
      ],
      "valid_loss": [
        23.438251991435195,
        5.595939987737567,
        2.2070996877908122,
        1.287146563926361,
        1.1102142386448122,
        1.020882513528931,
        1.0486725169463962,
        1.0290644104731403,
        1.043918909828354,
        1.0020243232582484,
        0.9732789898559925,
        0.9651403409636108,
        0.9726725615615658,
        0.9532681621957233,
        0.9629476699969005,
        0.9681281422636037,
        0.9816480636013749,
        0.9636672542847164,
        0.9642863425182538,
        0.9494085897734812
      ],
      "valid_top1": [
        0.7151589240596463,
        0.8068459654787059,
        0.899755500785296,
        0.9523227385320407,
        0.9706601474279296,
        0.9804400985281742,
        0.9792176040577131,
        0.9841075801907658,
        0.9816625924157047,
        0.9889975557408881,
        0.9853300740782964,
        0.9877750618533575,
        0.9877750618533575,
        0.9889975557408881,
        0.9902200496284186,
        0.9889975557408881,
        0.9877750618533575,
        0.9902200496284186,
        0.9889975557408881,
        0.9902200496284186
      ],
      "valid_top5": [
        0.9327628369144823,
        0.9682151596528685,
        0.9841075801907658,
        0.9877750618533575,
        0.9963325183374083,
        0.9987775061124694,
        0.9987775061124694,
        0.9987775061124694,
        0.9987775061124694,
        0.9987775061124694,
        0.9987775061124694,
        0.9987775061124694,
        0.9987775061124694,
        0.9987775061124694,
        0.9987775061124694,
        0.9987775061124694,
        0.9987775061124694,
        0.9987775061124694,
        0.9987775061124694,
        0.9987775061124694
      ]
    },
    "test_top1": 0.9877899879355425,
    "test_top5": 1.0,
    "test_loss": 0.9510828585560651
  }
}