{
  "train_loss": [
    2.278683012619929,
    0.5736935603936075,
    0.3771455313475591,
    0.3089198436728303,
    0.262282005035443,
    0.2002314562585181,
    0.18413450655347535,
    0.14925192664130807,
    0.14700970377511924,
    0.12816448816656154,
    0.12539045800482565,
    0.10641722311329907
  ],
  "train_top1": [
    0.5472910927456383,
    0.8725130088766453,
    0.9123048668503214,
    0.9233241505968779,
    0.9364860728497092,
    0.9513314967860422,
    0.9524028160391796,
    0.9625038261401898,
    0.9640342822161004,
    0.9695439240893786,
    0.9666360575451485,
    0.9733700642791552
  ],
  "valid_loss": [
    0.47496959472343797,
    0.17123724356257244,
    0.1288048802421845,
    0.09646891811657651,
    0.09769914956868132,
    0.08337776162513602,
    0.07807750480755034,
    0.06609328477336025,
    0.06556384763190828,
    0.06307244057650963,
    0.06144333823440565,
    0.05756745766620618
  ],
  "valid_top1": [
    0.9168704157936544,
    0.9669926651824075,
    0.9731051344743277,
    0.9816625924157047,
    0.9816625916870416,
    0.9865525672371638,
    0.9779951100244498,
    0.9865525672371638,
    0.9828850855745721,
    0.988997555012225,
    0.9841075794621027,
    0.991442542787286
  ],
  "valid_top5": [
    0.9902200496284186,
    0.9951100244498777,
    0.9987775061124694,
    0.9975550122249389,
    0.9975550122249389,
    0.9975550122249389,
    0.9987775061124694,
    0.9987775061124694,
    0.9975550122249389,
    0.9987775061124694,
    0.9987775061124694,
    0.9987775061124694
  ]
}